{
  "set": {
    "62895414469771@s.whatsapp.net": {
      "lang": "id",
      "limit": 19,
      "uang": 1697925,
      "status": 0,
      "join": true,
      "public": true,
      "anticall": true,
      "readsw": false,
      "autobio": false,
      "autoread": false,
      "autotyping": true,
      "multiprefix": false,
      "template": "textMessage"
    }
  },
  "users": {
    "62895414469771@s.whatsapp.net": {
      "vip": false,
      "afkTime": -1,
      "afkReason": "",
      "limit": 100,
      "uang": 16488,
      "lastclaim": 1734431447272,
      "lastbegal": 1734431447272,
      "lastrampok": 1734431447273
    },
    "62895365510902@s.whatsapp.net": {
      "vip": false,
      "afkTime": -1,
      "afkReason": "",
      "limit": 100,
      "uang": 10000,
      "lastclaim": 1734431448013,
      "lastbegal": 1734431448013,
      "lastrampok": 1734431448013
    },
    "6285922987898@s.whatsapp.net": {
      "vip": false,
      "afkTime": -1,
      "afkReason": "",
      "limit": 100,
      "uang": 10000,
      "lastclaim": 1734431448179,
      "lastbegal": 1734431448179,
      "lastrampok": 1734431448179
    },
    "62895333079328@s.whatsapp.net": {
      "vip": false,
      "afkTime": -1,
      "afkReason": "",
      "limit": 100,
      "uang": 10000,
      "lastclaim": 1734431448370,
      "lastbegal": 1734431448370,
      "lastrampok": 1734431448370
    },
    "6285383622354@s.whatsapp.net": {
      "vip": false,
      "afkTime": -1,
      "afkReason": "",
      "limit": 100,
      "uang": 10000,
      "lastclaim": 1734431452815,
      "lastbegal": 1734431452815,
      "lastrampok": 1734431452815
    },
    "6287709202781@s.whatsapp.net": {
      "vip": false,
      "afkTime": -1,
      "afkReason": "",
      "limit": 100,
      "uang": 10000,
      "lastclaim": 1734431455705,
      "lastbegal": 1734431455705,
      "lastrampok": 1734431455705
    },
    "6281234415873@s.whatsapp.net": {
      "vip": false,
      "afkTime": -1,
      "afkReason": "",
      "limit": 100,
      "uang": 10000,
      "lastclaim": 1734431457178,
      "lastbegal": 1734431457178,
      "lastrampok": 1734431457178
    },
    "6283873874498@s.whatsapp.net": {
      "vip": false,
      "afkTime": -1,
      "afkReason": "",
      "limit": 100,
      "uang": 10000,
      "lastclaim": 1734431465009,
      "lastbegal": 1734431465010,
      "lastrampok": 1734431465010
    },
    "6281275211670@s.whatsapp.net": {
      "vip": false,
      "afkTime": -1,
      "afkReason": "",
      "limit": 100,
      "uang": 10000,
      "lastclaim": 1734431469702,
      "lastbegal": 1734431469702,
      "lastrampok": 1734431469702
    },
    "6283863047819@s.whatsapp.net": {
      "vip": false,
      "afkTime": -1,
      "afkReason": "",
      "limit": 100,
      "uang": 10000,
      "lastclaim": 1734431477763,
      "lastbegal": 1734431477763,
      "lastrampok": 1734431477763
    },
    "62895324577995@s.whatsapp.net": {
      "vip": false,
      "afkTime": -1,
      "afkReason": "",
      "limit": 100,
      "uang": 10000,
      "lastclaim": 1734431482596,
      "lastbegal": 1734431482596,
      "lastrampok": 1734431482596
    },
    "13135550002@s.whatsapp.net": {
      "vip": false,
      "afkTime": -1,
      "afkReason": "",
      "limit": 100,
      "uang": 10000,
      "lastclaim": 1734431494088,
      "lastbegal": 1734431494088,
      "lastrampok": 1734431494088
    },
    "6285233112900@s.whatsapp.net": {
      "vip": false,
      "afkTime": -1,
      "afkReason": "",
      "limit": 100,
      "uang": 10000,
      "lastclaim": 1734431498428,
      "lastbegal": 1734431498428,
      "lastrampok": 1734431498428
    },
    "6283176162922@s.whatsapp.net": {
      "vip": false,
      "afkTime": -1,
      "afkReason": "",
      "limit": 100,
      "uang": 10000,
      "lastclaim": 1734431502147,
      "lastbegal": 1734431502147,
      "lastrampok": 1734431502147
    },
    "60182567697@s.whatsapp.net": {
      "vip": false,
      "afkTime": -1,
      "afkReason": "",
      "limit": 100,
      "uang": 10000,
      "lastclaim": 1734431525565,
      "lastbegal": 1734431525565,
      "lastrampok": 1734431525565
    },
    "6281327857421@s.whatsapp.net": {
      "vip": false,
      "afkTime": -1,
      "afkReason": "",
      "limit": 100,
      "uang": 10000,
      "lastclaim": 1734431527311,
      "lastbegal": 1734431527311,
      "lastrampok": 1734431527311
    },
    "6285782739960@s.whatsapp.net": {
      "vip": false,
      "afkTime": -1,
      "afkReason": "",
      "limit": 100,
      "uang": 10000,
      "lastclaim": 1734431531843,
      "lastbegal": 1734431531843,
      "lastrampok": 1734431531843
    },
    "6282132636145@s.whatsapp.net": {
      "vip": false,
      "afkTime": -1,
      "afkReason": "",
      "limit": 100,
      "uang": 10000,
      "lastclaim": 1734431532879,
      "lastbegal": 1734431532879,
      "lastrampok": 1734431532879
    },
    "6289516789684@s.whatsapp.net": {
      "vip": false,
      "afkTime": -1,
      "afkReason": "",
      "limit": 100,
      "uang": 10000,
      "lastclaim": 1734431543714,
      "lastbegal": 1734431543714,
      "lastrampok": 1734431543714
    },
    "6281222720610@s.whatsapp.net": {
      "vip": false,
      "afkTime": -1,
      "afkReason": "",
      "limit": 100,
      "uang": 10000,
      "lastclaim": 1734431546465,
      "lastbegal": 1734431546465,
      "lastrampok": 1734431546465
    },
    "6281466755206@s.whatsapp.net": {
      "vip": false,
      "afkTime": -1,
      "afkReason": "",
      "limit": 100,
      "uang": 10000,
      "lastclaim": 1734431558539,
      "lastbegal": 1734431558539,
      "lastrampok": 1734431558539
    },
    "6285526376749@s.whatsapp.net": {
      "vip": false,
      "afkTime": -1,
      "afkReason": "",
      "limit": 100,
      "uang": 10000,
      "lastclaim": 1734431558767,
      "lastbegal": 1734431558767,
      "lastrampok": 1734431558767
    },
    "6285881356443@s.whatsapp.net": {
      "vip": false,
      "afkTime": -1,
      "afkReason": "",
      "limit": 100,
      "uang": 10000,
      "lastclaim": 1734431632982,
      "lastbegal": 1734431632982,
      "lastrampok": 1734431632982
    },
    "6287777586023@s.whatsapp.net": {
      "vip": false,
      "afkTime": -1,
      "afkReason": "",
      "limit": 100,
      "uang": 10000,
      "lastclaim": 1734431644208,
      "lastbegal": 1734431644208,
      "lastrampok": 1734431644208
    },
    "6285864547225@s.whatsapp.net": {
      "vip": false,
      "afkTime": -1,
      "afkReason": "",
      "limit": 100,
      "uang": 10000,
      "lastclaim": 1734431735273,
      "lastbegal": 1734431735273,
      "lastrampok": 1734431735273
    },
    "6283159397707@s.whatsapp.net": {
      "vip": false,
      "afkTime": -1,
      "afkReason": "",
      "limit": 100,
      "uang": 10000,
      "lastclaim": 1734431768935,
      "lastbegal": 1734431768935,
      "lastrampok": 1734431768935
    },
    "6285738846847@s.whatsapp.net": {
      "vip": false,
      "afkTime": -1,
      "afkReason": "",
      "limit": 100,
      "uang": 10000,
      "lastclaim": 1734431779389,
      "lastbegal": 1734431779389,
      "lastrampok": 1734431779389
    },
    "6281573873487@s.whatsapp.net": {
      "vip": false,
      "afkTime": -1,
      "afkReason": "",
      "limit": 100,
      "uang": 10000,
      "lastclaim": 1734431795666,
      "lastbegal": 1734431795666,
      "lastrampok": 1734431795666
    },
    "6283830641048@s.whatsapp.net": {
      "vip": false,
      "afkTime": -1,
      "afkReason": "",
      "limit": 100,
      "uang": 10000,
      "lastclaim": 1734431796461,
      "lastbegal": 1734431796461,
      "lastrampok": 1734431796461
    },
    "6288298852306@s.whatsapp.net": {
      "vip": false,
      "afkTime": -1,
      "afkReason": "",
      "limit": 100,
      "uang": 10000,
      "lastclaim": 1734432089173,
      "lastbegal": 1734432089173,
      "lastrampok": 1734432089173
    },
    "120363341601187231@newsletter": {
      "vip": false,
      "afkTime": -1,
      "afkReason": "",
      "limit": 100,
      "uang": 10000,
      "lastclaim": 1734432234221,
      "lastbegal": 1734432234221,
      "lastrampok": 1734432234221
    },
    "972528139273-1446489143@g.us": {
      "vip": false,
      "afkTime": -1,
      "afkReason": "",
      "limit": 100,
      "uang": 10000,
      "lastclaim": 1734432350454,
      "lastbegal": 1734432350454,
      "lastrampok": 1734432350454
    },
    "628882816732@s.whatsapp.net": {
      "vip": false,
      "afkTime": -1,
      "afkReason": "",
      "limit": 100,
      "uang": 10000,
      "lastclaim": 1734432428055,
      "lastbegal": 1734432428055,
      "lastrampok": 1734432428055
    },
    "6282337424568@s.whatsapp.net": {
      "vip": false,
      "afkTime": -1,
      "afkReason": "",
      "limit": 100,
      "uang": 10000,
      "lastclaim": 1734432493709,
      "lastbegal": 1734432493709,
      "lastrampok": 1734432493709
    },
    "6285728715402@s.whatsapp.net": {
      "vip": false,
      "afkTime": -1,
      "afkReason": "",
      "limit": 100,
      "uang": 10000,
      "lastclaim": 1734432580762,
      "lastbegal": 1734432580762,
      "lastrampok": 1734432580762
    },
    "6282178381726@s.whatsapp.net": {
      "vip": false,
      "afkTime": -1,
      "afkReason": "",
      "limit": 100,
      "uang": 10000,
      "lastclaim": 1734432592962,
      "lastbegal": 1734432592963,
      "lastrampok": 1734432592963
    },
    "62887437501726@s.whatsapp.net": {
      "vip": false,
      "afkTime": -1,
      "afkReason": "",
      "limit": 100,
      "uang": 10000,
      "lastclaim": 1734433059407,
      "lastbegal": 1734433059407,
      "lastrampok": 1734433059407
    },
    "6281281872699@s.whatsapp.net": {
      "vip": false,
      "afkTime": -1,
      "afkReason": "",
      "limit": 100,
      "uang": 10000,
      "lastclaim": 1734433285753,
      "lastbegal": 1734433285753,
      "lastrampok": 1734433285753
    },
    "6289613112700@s.whatsapp.net": {
      "vip": false,
      "afkTime": -1,
      "afkReason": "",
      "limit": 100,
      "uang": 10000,
      "lastclaim": 1734433338024,
      "lastbegal": 1734433338024,
      "lastrampok": 1734433338024
    },
    "62895413966028@s.whatsapp.net": {
      "vip": false,
      "afkTime": -1,
      "afkReason": "",
      "limit": 100,
      "uang": 10000,
      "lastclaim": 1734433460620,
      "lastbegal": 1734433460620,
      "lastrampok": 1734433460620
    },
    "6287822727059@s.whatsapp.net": {
      "vip": false,
      "afkTime": -1,
      "afkReason": "",
      "limit": 100,
      "uang": 10000,
      "lastclaim": 1734433581887,
      "lastbegal": 1734433581887,
      "lastrampok": 1734433581887
    },
    "6285607164158@s.whatsapp.net": {
      "vip": false,
      "afkTime": -1,
      "afkReason": "",
      "limit": 100,
      "uang": 10000,
      "lastclaim": 1734433709323,
      "lastbegal": 1734433709323,
      "lastrampok": 1734433709323
    },
    "62895414696170@s.whatsapp.net": {
      "vip": false,
      "afkTime": -1,
      "afkReason": "",
      "limit": 100,
      "uang": 10000,
      "lastclaim": 1734433842580,
      "lastbegal": 1734433842580,
      "lastrampok": 1734433842580
    },
    "6287722192685@s.whatsapp.net": {
      "vip": false,
      "afkTime": -1,
      "afkReason": "",
      "limit": 100,
      "uang": 10000,
      "lastclaim": 1734434324698,
      "lastbegal": 1734434324698,
      "lastrampok": 1734434324698
    },
    "6285951368638@s.whatsapp.net": {
      "vip": false,
      "afkTime": -1,
      "afkReason": "",
      "limit": 100,
      "uang": 10000,
      "lastclaim": 1734434421098,
      "lastbegal": 1734434421098,
      "lastrampok": 1734434421098
    },
    "6283138069259@s.whatsapp.net": {
      "vip": false,
      "afkTime": -1,
      "afkReason": "",
      "limit": 97,
      "uang": 22744,
      "lastclaim": 1734434766034,
      "lastbegal": 1734507897142,
      "lastrampok": 1734434766034
    },
    "6285751737326@s.whatsapp.net": {
      "vip": false,
      "afkTime": -1,
      "afkReason": "",
      "limit": 100,
      "uang": 10000,
      "lastclaim": 1734434768856,
      "lastbegal": 1734434768856,
      "lastrampok": 1734434768856
    },
    "6282124138751@s.whatsapp.net": {
      "vip": false,
      "afkTime": -1,
      "afkReason": "",
      "limit": 100,
      "uang": 10000,
      "lastclaim": 1734434783417,
      "lastbegal": 1734434783417,
      "lastrampok": 1734434783417
    },
    "6281390471384@s.whatsapp.net": {
      "vip": false,
      "afkTime": -1,
      "afkReason": "",
      "limit": 100,
      "uang": 10000,
      "lastclaim": 1734434784284,
      "lastbegal": 1734434784284,
      "lastrampok": 1734434784284
    },
    "6281210723365@s.whatsapp.net": {
      "vip": false,
      "afkTime": -1,
      "afkReason": "",
      "limit": 100,
      "uang": 10000,
      "lastclaim": 1734434785555,
      "lastbegal": 1734434785555,
      "lastrampok": 1734434785555
    },
    "6289635775993@s.whatsapp.net": {
      "vip": false,
      "afkTime": -1,
      "afkReason": "",
      "limit": 100,
      "uang": 10000,
      "lastclaim": 1734434787203,
      "lastbegal": 1734434787203,
      "lastrampok": 1734434787203
    },
    "6285710694331@s.whatsapp.net": {
      "vip": false,
      "afkTime": -1,
      "afkReason": "",
      "limit": 100,
      "uang": 10000,
      "lastclaim": 1734434793302,
      "lastbegal": 1734434793302,
      "lastrampok": 1734434793302
    },
    "6285343980110@s.whatsapp.net": {
      "vip": false,
      "afkTime": -1,
      "afkReason": "",
      "limit": 100,
      "uang": 10000,
      "lastclaim": 1734434796078,
      "lastbegal": 1734434796078,
      "lastrampok": 1734434796078
    },
    "6285718463808@s.whatsapp.net": {
      "vip": false,
      "afkTime": -1,
      "afkReason": "",
      "limit": 100,
      "uang": 10000,
      "lastclaim": 1734434799604,
      "lastbegal": 1734434799604,
      "lastrampok": 1734434799604
    },
    "6281807379010@s.whatsapp.net": {
      "vip": false,
      "afkTime": -1,
      "afkReason": "",
      "limit": 100,
      "uang": 10000,
      "lastclaim": 1734434834714,
      "lastbegal": 1734434834714,
      "lastrampok": 1734434834714
    },
    "6281290287061@s.whatsapp.net": {
      "vip": false,
      "afkTime": -1,
      "afkReason": "",
      "limit": 100,
      "uang": 10000,
      "lastclaim": 1734434844129,
      "lastbegal": 1734434844129,
      "lastrampok": 1734434844129
    },
    "6282192780957@s.whatsapp.net": {
      "vip": false,
      "afkTime": -1,
      "afkReason": "",
      "limit": 97,
      "uang": 21098,
      "lastclaim": 1734434845444,
      "lastbegal": 1734507905912,
      "lastrampok": 1734434845444
    },
    "6282248498163@s.whatsapp.net": {
      "vip": false,
      "afkTime": -1,
      "afkReason": "",
      "limit": 100,
      "uang": 10000,
      "lastclaim": 1734434851224,
      "lastbegal": 1734434851224,
      "lastrampok": 1734434851224
    },
    "6282281879763@s.whatsapp.net": {
      "vip": false,
      "afkTime": -1,
      "afkReason": "",
      "limit": 100,
      "uang": 10000,
      "lastclaim": 1734434857445,
      "lastbegal": 1734434857445,
      "lastrampok": 1734434857445
    },
    "62882002451981@s.whatsapp.net": {
      "vip": false,
      "afkTime": -1,
      "afkReason": "",
      "limit": 100,
      "uang": 10000,
      "lastclaim": 1734434861081,
      "lastbegal": 1734434861081,
      "lastrampok": 1734434861081
    },
    "6283866581495@s.whatsapp.net": {
      "vip": false,
      "afkTime": -1,
      "afkReason": "",
      "limit": 98,
      "uang": 64738,
      "lastclaim": 1734434863349,
      "lastbegal": 1734475343528,
      "lastrampok": 1734434863349
    },
    "62895323518894@s.whatsapp.net": {
      "vip": false,
      "afkTime": -1,
      "afkReason": "",
      "limit": 100,
      "uang": 10000,
      "lastclaim": 1734434908543,
      "lastbegal": 1734434908543,
      "lastrampok": 1734434908543
    },
    "6281374915462@s.whatsapp.net": {
      "vip": false,
      "afkTime": -1,
      "afkReason": "",
      "limit": 100,
      "uang": 10000,
      "lastclaim": 1734434915288,
      "lastbegal": 1734434915288,
      "lastrampok": 1734434915288
    },
    "6285975116772@s.whatsapp.net": {
      "vip": false,
      "afkTime": -1,
      "afkReason": "",
      "limit": 100,
      "uang": 10000,
      "lastclaim": 1734434965188,
      "lastbegal": 1734434965188,
      "lastrampok": 1734434965188
    },
    "6281367733589@s.whatsapp.net": {
      "vip": false,
      "afkTime": -1,
      "afkReason": "",
      "limit": 100,
      "uang": 10000,
      "lastclaim": 1734435000545,
      "lastbegal": 1734435000546,
      "lastrampok": 1734435000546
    },
    "6281910526582@s.whatsapp.net": {
      "vip": false,
      "afkTime": -1,
      "afkReason": "",
      "limit": 100,
      "uang": 10000,
      "lastclaim": 1734435026042,
      "lastbegal": 1734435026042,
      "lastrampok": 1734435026042
    },
    "6287773512473@s.whatsapp.net": {
      "vip": false,
      "afkTime": -1,
      "afkReason": "",
      "limit": 100,
      "uang": 10000,
      "lastclaim": 1734435051865,
      "lastbegal": 1734435051865,
      "lastrampok": 1734435051865
    },
    "628978073001@s.whatsapp.net": {
      "vip": false,
      "afkTime": -1,
      "afkReason": "",
      "limit": 100,
      "uang": 10000,
      "lastclaim": 1734435090855,
      "lastbegal": 1734435090855,
      "lastrampok": 1734435090855
    },
    "6285842127078@s.whatsapp.net": {
      "vip": false,
      "afkTime": -1,
      "afkReason": "",
      "limit": 100,
      "uang": 10000,
      "lastclaim": 1734435120615,
      "lastbegal": 1734435120615,
      "lastrampok": 1734435120615
    },
    "6281257094270@s.whatsapp.net": {
      "vip": false,
      "afkTime": -1,
      "afkReason": "",
      "limit": 100,
      "uang": 10000,
      "lastclaim": 1734435152039,
      "lastbegal": 1734435152039,
      "lastrampok": 1734435152039
    },
    "6283875891112@s.whatsapp.net": {
      "vip": false,
      "afkTime": -1,
      "afkReason": "",
      "limit": 100,
      "uang": 10000,
      "lastclaim": 1734435170182,
      "lastbegal": 1734435170182,
      "lastrampok": 1734435170182
    },
    "6281364259824@s.whatsapp.net": {
      "vip": false,
      "afkTime": -1,
      "afkReason": "",
      "limit": 100,
      "uang": 10000,
      "lastclaim": 1734435180865,
      "lastbegal": 1734435180865,
      "lastrampok": 1734435180865
    },
    "6282271578976@s.whatsapp.net": {
      "vip": false,
      "afkTime": 1734438720080,
      "afkReason": "",
      "limit": 100,
      "uang": 10000,
      "lastclaim": 1734435200443,
      "lastbegal": 1734435200443,
      "lastrampok": 1734435200443
    },
    "6283870854815@s.whatsapp.net": {
      "vip": false,
      "afkTime": -1,
      "afkReason": "",
      "limit": 100,
      "uang": 10000,
      "lastclaim": 1734435203875,
      "lastbegal": 1734435203875,
      "lastrampok": 1734435203875
    },
    "6282184971255@s.whatsapp.net": {
      "vip": false,
      "afkTime": -1,
      "afkReason": "",
      "limit": 100,
      "uang": 10000,
      "lastclaim": 1734435300871,
      "lastbegal": 1734435300871,
      "lastrampok": 1734435300871
    },
    "6289653784829@s.whatsapp.net": {
      "vip": false,
      "afkTime": -1,
      "afkReason": "",
      "limit": 100,
      "uang": 10000,
      "lastclaim": 1734435335794,
      "lastbegal": 1734435335794,
      "lastrampok": 1734435335794
    },
    "628973841560@s.whatsapp.net": {
      "vip": false,
      "afkTime": -1,
      "afkReason": "",
      "limit": 100,
      "uang": 10000,
      "lastclaim": 1734435448755,
      "lastbegal": 1734435448755,
      "lastrampok": 1734435448755
    },
    "6283856389008@s.whatsapp.net": {
      "vip": false,
      "afkTime": -1,
      "afkReason": "",
      "limit": 100,
      "uang": 10000,
      "lastclaim": 1734435650435,
      "lastbegal": 1734435650435,
      "lastrampok": 1734435650435
    },
    "6285764214287@s.whatsapp.net": {
      "vip": false,
      "afkTime": -1,
      "afkReason": "",
      "limit": 100,
      "uang": 10000,
      "lastclaim": 1734435745316,
      "lastbegal": 1734435745316,
      "lastrampok": 1734435745316
    },
    "6287733699647@s.whatsapp.net": {
      "vip": false,
      "afkTime": -1,
      "afkReason": "",
      "limit": 100,
      "uang": 10000,
      "lastclaim": 1734435859582,
      "lastbegal": 1734435859582,
      "lastrampok": 1734435859582
    },
    "6285648272313@s.whatsapp.net": {
      "vip": false,
      "afkTime": -1,
      "afkReason": "",
      "limit": 100,
      "uang": 10000,
      "lastclaim": 1734435940858,
      "lastbegal": 1734435940858,
      "lastrampok": 1734435940858
    },
    "6289530375482@s.whatsapp.net": {
      "vip": false,
      "afkTime": -1,
      "afkReason": "",
      "limit": 100,
      "uang": 1956,
      "lastclaim": 1734436734740,
      "lastbegal": 1734436734740,
      "lastrampok": 1734436734740
    },
    "62881036402387@s.whatsapp.net": {
      "vip": false,
      "afkTime": -1,
      "afkReason": "",
      "limit": 100,
      "uang": 10000,
      "lastclaim": 1734436764668,
      "lastbegal": 1734436764668,
      "lastrampok": 1734436764668
    },
    "628886074204@s.whatsapp.net": {
      "vip": false,
      "afkTime": -1,
      "afkReason": "",
      "limit": 100,
      "uang": 28385,
      "lastclaim": 1734436841303,
      "lastbegal": 1734436841303,
      "lastrampok": 1734436841303
    },
    "6289699347104@s.whatsapp.net": {
      "vip": false,
      "afkTime": -1,
      "afkReason": "",
      "limit": 100,
      "uang": 10000,
      "lastclaim": 1734436951707,
      "lastbegal": 1734436951707,
      "lastrampok": 1734436951707
    },
    "6285888348625@s.whatsapp.net": {
      "vip": false,
      "afkTime": -1,
      "afkReason": "",
      "limit": 100,
      "uang": 10000,
      "lastclaim": 1734437040664,
      "lastbegal": 1734437040664,
      "lastrampok": 1734437040664
    },
    "6282372726145@s.whatsapp.net": {
      "vip": false,
      "afkTime": -1,
      "afkReason": "",
      "limit": 100,
      "uang": 9500,
      "lastclaim": 1734437118330,
      "lastbegal": 1734437118330,
      "lastrampok": 1734437118330
    },
    "6283897132113@s.whatsapp.net": {
      "vip": false,
      "afkTime": -1,
      "afkReason": "",
      "limit": 100,
      "uang": 10000,
      "lastclaim": 1734437282832,
      "lastbegal": 1734437282832,
      "lastrampok": 1734437282832
    },
    "6285165837248@s.whatsapp.net": {
      "vip": false,
      "afkTime": -1,
      "afkReason": "",
      "limit": 100,
      "uang": 10000,
      "lastclaim": 1734437318700,
      "lastbegal": 1734437318700,
      "lastrampok": 1734437318700
    },
    "6285691423486@s.whatsapp.net": {
      "vip": false,
      "afkTime": -1,
      "afkReason": "",
      "limit": 100,
      "uang": 10000,
      "lastclaim": 1734437578186,
      "lastbegal": 1734437578186,
      "lastrampok": 1734437578186
    },
    "6285758459672@s.whatsapp.net": {
      "vip": false,
      "afkTime": -1,
      "afkReason": "",
      "limit": 100,
      "uang": 10000,
      "lastclaim": 1734437659159,
      "lastbegal": 1734437659159,
      "lastrampok": 1734437659159
    },
    "6282286487441@s.whatsapp.net": {
      "vip": false,
      "afkTime": -1,
      "afkReason": "",
      "limit": 100,
      "uang": 10000,
      "lastclaim": 1734437754810,
      "lastbegal": 1734437754810,
      "lastrampok": 1734437754810
    },
    "6285693353918@s.whatsapp.net": {
      "vip": false,
      "afkTime": -1,
      "afkReason": "",
      "limit": 100,
      "uang": 10000,
      "lastclaim": 1734437789227,
      "lastbegal": 1734437789227,
      "lastrampok": 1734437789227
    },
    "6282218662154@s.whatsapp.net": {
      "vip": false,
      "afkTime": -1,
      "afkReason": "",
      "limit": 100,
      "uang": 10000,
      "lastclaim": 1734437941185,
      "lastbegal": 1734437941185,
      "lastrampok": 1734437941185
    },
    "6283181465041@s.whatsapp.net": {
      "vip": false,
      "afkTime": -1,
      "afkReason": "",
      "limit": 100,
      "uang": 13499,
      "lastclaim": 1734438076340,
      "lastbegal": 1734438076340,
      "lastrampok": 1734438076340
    },
    "6285600221866@s.whatsapp.net": {
      "vip": false,
      "afkTime": -1,
      "afkReason": "",
      "limit": 100,
      "uang": 10000,
      "lastclaim": 1734438332991,
      "lastbegal": 1734438332991,
      "lastrampok": 1734438332991
    },
    "6281382016704@s.whatsapp.net": {
      "vip": false,
      "afkTime": -1,
      "afkReason": "",
      "limit": 100,
      "uang": 10000,
      "lastclaim": 1734438351817,
      "lastbegal": 1734438351817,
      "lastrampok": 1734438351817
    },
    "628176606909@s.whatsapp.net": {
      "vip": false,
      "afkTime": -1,
      "afkReason": "",
      "limit": 100,
      "uang": 10000,
      "lastclaim": 1734438668720,
      "lastbegal": 1734438668720,
      "lastrampok": 1734438668720
    },
    "6285137068701@s.whatsapp.net": {
      "vip": false,
      "afkTime": -1,
      "afkReason": "",
      "limit": 100,
      "uang": 10000,
      "lastclaim": 1734438742760,
      "lastbegal": 1734438742760,
      "lastrampok": 1734438742760
    },
    "6283192764900@s.whatsapp.net": {
      "vip": false,
      "afkTime": -1,
      "afkReason": "",
      "limit": 100,
      "uang": 10000,
      "lastclaim": 1734438869959,
      "lastbegal": 1734438869970,
      "lastrampok": 1734438869971
    },
    "6285785339379@s.whatsapp.net": {
      "vip": false,
      "afkTime": -1,
      "afkReason": "",
      "limit": 100,
      "uang": 10000,
      "lastclaim": 1734438936045,
      "lastbegal": 1734438936047,
      "lastrampok": 1734438936047
    },
    "6281554223855@s.whatsapp.net": {
      "vip": false,
      "afkTime": -1,
      "afkReason": "",
      "limit": 100,
      "uang": 9013,
      "lastclaim": 1734439102049,
      "lastbegal": 1734439102049,
      "lastrampok": 1734439102049
    },
    "6285136310328@s.whatsapp.net": {
      "vip": false,
      "afkTime": -1,
      "afkReason": "",
      "limit": 100,
      "uang": 10000,
      "lastclaim": 1734439104644,
      "lastbegal": 1734439104644,
      "lastrampok": 1734439104644
    },
    "6282335645044@s.whatsapp.net": {
      "vip": false,
      "afkTime": -1,
      "afkReason": "",
      "limit": 100,
      "uang": 10000,
      "lastclaim": 1734439106371,
      "lastbegal": 1734439106372,
      "lastrampok": 1734439106372
    },
    "6288742943514@s.whatsapp.net": {
      "vip": false,
      "afkTime": -1,
      "afkReason": "",
      "limit": 100,
      "uang": 10000,
      "lastclaim": 1734439199212,
      "lastbegal": 1734439199212,
      "lastrampok": 1734439199212
    },
    "6285706473915@s.whatsapp.net": {
      "vip": false,
      "afkTime": -1,
      "afkReason": "",
      "limit": 100,
      "uang": 10000,
      "lastclaim": 1734441621499,
      "lastbegal": 1734441621499,
      "lastrampok": 1734441621499
    },
    "6287716486322@s.whatsapp.net": {
      "vip": false,
      "afkTime": -1,
      "afkReason": "",
      "limit": 100,
      "uang": 10000,
      "lastclaim": 1734441656971,
      "lastbegal": 1734441656971,
      "lastrampok": 1734441656971
    },
    "6283171301785@s.whatsapp.net": {
      "vip": false,
      "afkTime": -1,
      "afkReason": "",
      "limit": 100,
      "uang": 10000,
      "lastclaim": 1734441723380,
      "lastbegal": 1734441723380,
      "lastrampok": 1734441723380
    },
    "6285213214466@s.whatsapp.net": {
      "vip": false,
      "afkTime": -1,
      "afkReason": "",
      "limit": 100,
      "uang": 10000,
      "lastclaim": 1734441734544,
      "lastbegal": 1734441734544,
      "lastrampok": 1734441734544
    },
    "6285217309291@s.whatsapp.net": {
      "vip": false,
      "afkTime": -1,
      "afkReason": "",
      "limit": 100,
      "uang": 10000,
      "lastclaim": 1734441803253,
      "lastbegal": 1734441803255,
      "lastrampok": 1734441803255
    },
    "62895705066266@s.whatsapp.net": {
      "vip": false,
      "afkTime": -1,
      "afkReason": "",
      "limit": 100,
      "uang": 10000,
      "lastclaim": 1734443662756,
      "lastbegal": 1734443662756,
      "lastrampok": 1734443662756
    },
    "6285883708593@s.whatsapp.net": {
      "vip": false,
      "afkTime": -1,
      "afkReason": "",
      "limit": 100,
      "uang": 10000,
      "lastclaim": 1734443670717,
      "lastbegal": 1734443670717,
      "lastrampok": 1734443670717
    },
    "6285754225740@s.whatsapp.net": {
      "vip": false,
      "afkTime": -1,
      "afkReason": "",
      "limit": 100,
      "uang": 10000,
      "lastclaim": 1734443949463,
      "lastbegal": 1734443949463,
      "lastrampok": 1734443949463
    },
    "6285191090292@s.whatsapp.net": {
      "vip": false,
      "afkTime": -1,
      "afkReason": "",
      "limit": 100,
      "uang": 11467,
      "lastclaim": 1734445184163,
      "lastbegal": 1734445184163,
      "lastrampok": 1734445184163
    },
    "6285784908296@s.whatsapp.net": {
      "vip": false,
      "afkTime": -1,
      "afkReason": "",
      "limit": 100,
      "uang": 10000,
      "lastclaim": 1734445480124,
      "lastbegal": 1734445480124,
      "lastrampok": 1734445480124
    },
    "6287856969747@s.whatsapp.net": {
      "vip": false,
      "afkTime": -1,
      "afkReason": "",
      "limit": 100,
      "uang": 10000,
      "lastclaim": 1734445995730,
      "lastbegal": 1734445995730,
      "lastrampok": 1734445995730
    },
    "6289677230369@s.whatsapp.net": {
      "vip": false,
      "afkTime": -1,
      "afkReason": "",
      "limit": 100,
      "uang": 10000,
      "lastclaim": 1734446862502,
      "lastbegal": 1734446862502,
      "lastrampok": 1734446862502
    },
    "6283802800404@s.whatsapp.net": {
      "vip": false,
      "afkTime": -1,
      "afkReason": "",
      "limit": 100,
      "uang": 10000,
      "lastclaim": 1734447717489,
      "lastbegal": 1734447717489,
      "lastrampok": 1734447717489
    },
    "6283128630946@s.whatsapp.net": {
      "vip": false,
      "afkTime": -1,
      "afkReason": "",
      "limit": 100,
      "uang": 10000,
      "lastclaim": 1734447912262,
      "lastbegal": 1734447912263,
      "lastrampok": 1734447912264
    },
    "6289522182787@s.whatsapp.net": {
      "vip": false,
      "afkTime": -1,
      "afkReason": "",
      "limit": 100,
      "uang": 10000,
      "lastclaim": 1734448461186,
      "lastbegal": 1734448461186,
      "lastrampok": 1734448461186
    },
    "6285793405857@s.whatsapp.net": {
      "vip": false,
      "afkTime": -1,
      "afkReason": "",
      "limit": 100,
      "uang": 10000,
      "lastclaim": 1734449873178,
      "lastbegal": 1734449873178,
      "lastrampok": 1734449873178
    },
    "6285835028010@s.whatsapp.net": {
      "vip": false,
      "afkTime": -1,
      "afkReason": "",
      "limit": 100,
      "uang": 10000,
      "lastclaim": 1734449986566,
      "lastbegal": 1734449986566,
      "lastrampok": 1734449986566
    },
    "6289630354733@s.whatsapp.net": {
      "vip": false,
      "afkTime": -1,
      "afkReason": "",
      "limit": 100,
      "uang": 10000,
      "lastclaim": 1734450756436,
      "lastbegal": 1734450756436,
      "lastrampok": 1734450756436
    },
    "6283846381322@s.whatsapp.net": {
      "vip": false,
      "afkTime": -1,
      "afkReason": "",
      "limit": 100,
      "uang": 10000,
      "lastclaim": 1734450996960,
      "lastbegal": 1734450996960,
      "lastrampok": 1734450996960
    },
    "6283198511002@s.whatsapp.net": {
      "vip": false,
      "afkTime": -1,
      "afkReason": "",
      "limit": 100,
      "uang": 10000,
      "lastclaim": 1734451835829,
      "lastbegal": 1734451835829,
      "lastrampok": 1734451835829
    },
    "6283898679694@s.whatsapp.net": {
      "vip": false,
      "afkTime": -1,
      "afkReason": "",
      "limit": 100,
      "uang": 10000,
      "lastclaim": 1734452913280,
      "lastbegal": 1734452913280,
      "lastrampok": 1734452913280
    },
    "6281380688928@s.whatsapp.net": {
      "vip": false,
      "afkTime": -1,
      "afkReason": "",
      "limit": 100,
      "uang": 10000,
      "lastclaim": 1734453640272,
      "lastbegal": 1734453640272,
      "lastrampok": 1734453640272
    },
    "62895328493951@s.whatsapp.net": {
      "vip": false,
      "afkTime": -1,
      "afkReason": "",
      "limit": 100,
      "uang": 10000,
      "lastclaim": 1734454009695,
      "lastbegal": 1734454009695,
      "lastrampok": 1734454009695
    },
    "6285767630210@s.whatsapp.net": {
      "vip": false,
      "afkTime": -1,
      "afkReason": "",
      "limit": 100,
      "uang": 10000,
      "lastclaim": 1734454387886,
      "lastbegal": 1734454387886,
      "lastrampok": 1734454387886
    },
    "628978613755@s.whatsapp.net": {
      "vip": false,
      "afkTime": -1,
      "afkReason": "",
      "limit": 100,
      "uang": 10000,
      "lastclaim": 1734454958244,
      "lastbegal": 1734454958244,
      "lastrampok": 1734454958244
    },
    "6285791575739@s.whatsapp.net": {
      "vip": false,
      "afkTime": -1,
      "afkReason": "",
      "limit": 100,
      "uang": 10000,
      "lastclaim": 1734459194036,
      "lastbegal": 1734459194036,
      "lastrampok": 1734459194036
    },
    "6283894097493@s.whatsapp.net": {
      "vip": false,
      "afkTime": -1,
      "afkReason": "",
      "limit": 100,
      "uang": 10000,
      "lastclaim": 1734460067280,
      "lastbegal": 1734460067280,
      "lastrampok": 1734460067280
    },
    "6287798426824@s.whatsapp.net": {
      "vip": false,
      "afkTime": -1,
      "afkReason": "",
      "limit": 100,
      "uang": 10000,
      "lastclaim": 1734460187424,
      "lastbegal": 1734460187424,
      "lastrampok": 1734460187424
    },
    "6282177238890@s.whatsapp.net": {
      "vip": false,
      "afkTime": -1,
      "afkReason": "",
      "limit": 100,
      "uang": 10000,
      "lastclaim": 1734463120790,
      "lastbegal": 1734463120790,
      "lastrampok": 1734463120790
    },
    "6282228124655@s.whatsapp.net": {
      "vip": false,
      "afkTime": -1,
      "afkReason": "",
      "limit": 100,
      "uang": 10000,
      "lastclaim": 1734464381439,
      "lastbegal": 1734464381439,
      "lastrampok": 1734464381439
    },
    "6285715959402@s.whatsapp.net": {
      "vip": false,
      "afkTime": -1,
      "afkReason": "",
      "limit": 100,
      "uang": 10000,
      "lastclaim": 1734466594631,
      "lastbegal": 1734466594631,
      "lastrampok": 1734466594631
    },
    "6283890554134@s.whatsapp.net": {
      "vip": false,
      "afkTime": -1,
      "afkReason": "",
      "limit": 100,
      "uang": 10000,
      "lastclaim": 1734475498033,
      "lastbegal": 1734475498033,
      "lastrampok": 1734475498033
    },
    "6283878732821@s.whatsapp.net": {
      "vip": false,
      "afkTime": -1,
      "afkReason": "",
      "limit": 100,
      "uang": 10000,
      "lastclaim": 1734476702676,
      "lastbegal": 1734476702676,
      "lastrampok": 1734476702676
    },
    "6283181757557@s.whatsapp.net": {
      "vip": false,
      "afkTime": -1,
      "afkReason": "",
      "limit": 100,
      "uang": 10000,
      "lastclaim": 1734478136487,
      "lastbegal": 1734478136487,
      "lastrampok": 1734478136487
    },
    "6287729609146@s.whatsapp.net": {
      "vip": false,
      "afkTime": -1,
      "afkReason": "",
      "limit": 100,
      "uang": 10000,
      "lastclaim": 1734492121536,
      "lastbegal": 1734492121536,
      "lastrampok": 1734492121536
    },
    "6283198881345@s.whatsapp.net": {
      "vip": false,
      "afkTime": -1,
      "afkReason": "",
      "limit": 100,
      "uang": 10000,
      "lastclaim": 1734492182076,
      "lastbegal": 1734492182076,
      "lastrampok": 1734492182076
    },
    "6285624447276@s.whatsapp.net": {
      "vip": false,
      "afkTime": -1,
      "afkReason": "",
      "limit": 100,
      "uang": 10000,
      "lastclaim": 1734495857614,
      "lastbegal": 1734495857614,
      "lastrampok": 1734495857614
    },
    "6289620186351@s.whatsapp.net": {
      "vip": false,
      "afkTime": -1,
      "afkReason": "",
      "limit": 100,
      "uang": 755,
      "lastclaim": 1734495870218,
      "lastbegal": 1734495870218,
      "lastrampok": 1734495870218
    },
    "6285787563974@s.whatsapp.net": {
      "vip": false,
      "afkTime": -1,
      "afkReason": "",
      "limit": 100,
      "uang": 10000,
      "lastclaim": 1734496408354,
      "lastbegal": 1734496408354,
      "lastrampok": 1734496408354
    },
    "62815731804778@s.whatsapp.net": {
      "vip": false,
      "afkTime": -1,
      "afkReason": "",
      "limit": 100,
      "uang": 10000,
      "lastclaim": 1734496450738,
      "lastbegal": 1734496450738,
      "lastrampok": 1734496450738
    },
    "6282227156498@s.whatsapp.net": {
      "vip": false,
      "afkTime": -1,
      "afkReason": "",
      "limit": 100,
      "uang": 10000,
      "lastclaim": 1734497623505,
      "lastbegal": 1734497623505,
      "lastrampok": 1734497623505
    },
    "6289601781152@s.whatsapp.net": {
      "vip": false,
      "afkTime": -1,
      "afkReason": "",
      "limit": 100,
      "uang": 10000,
      "lastclaim": 1734497885090,
      "lastbegal": 1734497885090,
      "lastrampok": 1734497885090
    },
    "6289691501199@s.whatsapp.net": {
      "vip": false,
      "afkTime": -1,
      "afkReason": "",
      "limit": 100,
      "uang": 10000,
      "lastclaim": 1734499125676,
      "lastbegal": 1734499125676,
      "lastrampok": 1734499125676
    },
    "6281513738096@s.whatsapp.net": {
      "vip": false,
      "afkTime": -1,
      "afkReason": "",
      "limit": 100,
      "uang": 10000,
      "lastclaim": 1734499421500,
      "lastbegal": 1734499421500,
      "lastrampok": 1734499421500
    },
    "6285184513459@s.whatsapp.net": {
      "vip": false,
      "afkTime": -1,
      "afkReason": "",
      "limit": 100,
      "uang": 10000,
      "lastclaim": 1734499664502,
      "lastbegal": 1734499664502,
      "lastrampok": 1734499664502
    },
    "6283817235398@s.whatsapp.net": {
      "vip": false,
      "afkTime": -1,
      "afkReason": "",
      "limit": 100,
      "uang": 10000,
      "lastclaim": 1734499743728,
      "lastbegal": 1734499743728,
      "lastrampok": 1734499743728
    },
    "6283172952044@s.whatsapp.net": {
      "vip": false,
      "afkTime": -1,
      "afkReason": "",
      "limit": 100,
      "uang": 10000,
      "lastclaim": 1734499847498,
      "lastbegal": 1734499847498,
      "lastrampok": 1734499847498
    },
    "6282187789698@s.whatsapp.net": {
      "vip": false,
      "afkTime": -1,
      "afkReason": "",
      "limit": 100,
      "uang": 10000,
      "lastclaim": 1734500045321,
      "lastbegal": 1734500045321,
      "lastrampok": 1734500045321
    },
    "6289654607262@s.whatsapp.net": {
      "vip": false,
      "afkTime": -1,
      "afkReason": "",
      "limit": 100,
      "uang": 10000,
      "lastclaim": 1734500458239,
      "lastbegal": 1734500458239,
      "lastrampok": 1734500458239
    },
    "6285692462223@s.whatsapp.net": {
      "vip": false,
      "afkTime": -1,
      "afkReason": "",
      "limit": 100,
      "uang": 10000,
      "lastclaim": 1734500465162,
      "lastbegal": 1734500465162,
      "lastrampok": 1734500465162
    },
    "6281374405972@s.whatsapp.net": {
      "vip": false,
      "afkTime": -1,
      "afkReason": "",
      "limit": 100,
      "uang": 12989,
      "lastclaim": 1734500474717,
      "lastbegal": 1734500474717,
      "lastrampok": 1734500474717
    },
    "6288294872511@s.whatsapp.net": {
      "vip": false,
      "afkTime": -1,
      "afkReason": "",
      "limit": 100,
      "uang": 10000,
      "lastclaim": 1734500478301,
      "lastbegal": 1734500478301,
      "lastrampok": 1734500478301
    },
    "6283166686037@s.whatsapp.net": {
      "vip": false,
      "afkTime": -1,
      "afkReason": "",
      "limit": 100,
      "uang": 10000,
      "lastclaim": 1734500619139,
      "lastbegal": 1734500619139,
      "lastrampok": 1734500619139
    },
    "62882002640889@s.whatsapp.net": {
      "vip": false,
      "afkTime": -1,
      "afkReason": "",
      "limit": 100,
      "uang": 21956,
      "lastclaim": 1734500661706,
      "lastbegal": 1734500661706,
      "lastrampok": 1734500661706
    },
    "6285603790477@s.whatsapp.net": {
      "vip": false,
      "afkTime": -1,
      "afkReason": "",
      "limit": 100,
      "uang": 10000,
      "lastclaim": 1734503301485,
      "lastbegal": 1734503301485,
      "lastrampok": 1734503301485
    },
    "6285291155384@s.whatsapp.net": {
      "vip": false,
      "afkTime": -1,
      "afkReason": "",
      "limit": 89,
      "uang": 100872,
      "lastclaim": 1734503530613,
      "lastbegal": 1734509038801,
      "lastrampok": 1734503530613
    },
    "6281396216488@s.whatsapp.net": {
      "vip": false,
      "afkTime": -1,
      "afkReason": "",
      "limit": 100,
      "uang": 10000,
      "lastclaim": 1734503730006,
      "lastbegal": 1734503730006,
      "lastrampok": 1734503730006
    },
    "6285939473347@s.whatsapp.net": {
      "vip": false,
      "afkTime": -1,
      "afkReason": "",
      "limit": 100,
      "uang": 10000,
      "lastclaim": 1734503990998,
      "lastbegal": 1734503990998,
      "lastrampok": 1734503990998
    },
    "6281574769589@s.whatsapp.net": {
      "vip": false,
      "afkTime": -1,
      "afkReason": "",
      "limit": 100,
      "uang": 10000,
      "lastclaim": 1734505002403,
      "lastbegal": 1734505002403,
      "lastrampok": 1734505002403
    },
    "6281992946601@s.whatsapp.net": {
      "vip": false,
      "afkTime": -1,
      "afkReason": "",
      "limit": 100,
      "uang": 10000,
      "lastclaim": 1734506295778,
      "lastbegal": 1734506295778,
      "lastrampok": 1734506295778
    },
    "6281327089945@s.whatsapp.net": {
      "vip": false,
      "afkTime": -1,
      "afkReason": "",
      "limit": 100,
      "uang": 10000,
      "lastclaim": 1734507051408,
      "lastbegal": 1734507051409,
      "lastrampok": 1734507051409
    },
    "6283110837309@s.whatsapp.net": {
      "vip": false,
      "afkTime": -1,
      "afkReason": "",
      "limit": 100,
      "uang": 10000,
      "lastclaim": 1734507898161,
      "lastbegal": 1734507898161,
      "lastrampok": 1734507898161
    },
    "6285798611243@s.whatsapp.net": {
      "vip": false,
      "afkTime": -1,
      "afkReason": "",
      "limit": 100,
      "uang": 10000,
      "lastclaim": 1734509553431,
      "lastbegal": 1734509553431,
      "lastrampok": 1734509553431
    },
    "6282320639174@s.whatsapp.net": {
      "vip": false,
      "afkTime": -1,
      "afkReason": "",
      "limit": 100,
      "uang": 10000,
      "lastclaim": 1734510024497,
      "lastbegal": 1734510024497,
      "lastrampok": 1734510024497
    },
    "6281335007801@s.whatsapp.net": {
      "vip": false,
      "afkTime": -1,
      "afkReason": "",
      "limit": 100,
      "uang": 10000,
      "lastclaim": 1734511026554,
      "lastbegal": 1734511026554,
      "lastrampok": 1734511026554
    },
    "6288226348854@s.whatsapp.net": {
      "vip": false,
      "afkTime": -1,
      "afkReason": "",
      "limit": 100,
      "uang": 10000,
      "lastclaim": 1734511227450,
      "lastbegal": 1734511227451,
      "lastrampok": 1734511227451
    },
    "6285860572901@s.whatsapp.net": {
      "vip": false,
      "afkTime": -1,
      "afkReason": "",
      "limit": 100,
      "uang": 10000,
      "lastclaim": 1734513556715,
      "lastbegal": 1734513556715,
      "lastrampok": 1734513556715
    }
  },
  "game": {
    "suit": [],
    "menfes": [],
    "tekateki": [],
    "akinator": [],
    "tictactoe": [],
    "tebaklirik": [],
    "kuismath": [],
    "tebaklagu": [],
    "tebakkata": [],
    "family100": [],
    "susunkata": [],
    "tebakbom": [],
    "tebakkimia": [],
    "caklontong": [],
    "tebaknegara": [],
    "tebakgambar": [],
    "tebakbendera": []
  },
  "groups": {
    "6283159397707-1611487749@g.us": {
      "nsfw": false,
      "mute": false,
      "setinfo": true,
      "antilink": false,
      "antitoxic": false,
      "welcome": true,
      "antivirtex": false,
      "antidelete": false,
      "waktusholat": false
    },
    "120363200392222765@g.us": {
      "nsfw": false,
      "mute": false,
      "setinfo": true,
      "antilink": false,
      "antitoxic": false,
      "welcome": true,
      "antivirtex": false,
      "antidelete": false,
      "waktusholat": false
    },
    "120363305134240305@g.us": {
      "nsfw": false,
      "mute": false,
      "setinfo": true,
      "antilink": false,
      "antitoxic": false,
      "welcome": true,
      "antivirtex": false,
      "antidelete": false,
      "waktusholat": false
    },
    "972528139273-1446489143@g.us": {
      "nsfw": false,
      "mute": false,
      "setinfo": true,
      "antilink": false,
      "antitoxic": false,
      "welcome": true,
      "antivirtex": false,
      "antidelete": false,
      "waktusholat": false
    },
    "120363360139086333@g.us": {
      "nsfw": false,
      "mute": false,
      "setinfo": true,
      "antilink": false,
      "antitoxic": false,
      "welcome": true,
      "antivirtex": false,
      "antidelete": false,
      "waktusholat": false
    }
  },
  "database": {}
}